Image Link,Type,Finish,Color,Length,FINAL_LINK
https://imageswedding.theweddingcompany.com/bh_prod_bucket/weddings/ideabook/DECORATION/065b816d-40ce-4078-8259-cb9b33e93ce5/8A955DF5-6FBB-468F-A4B7-3CDD80CB40FA.jpg,Net ,plain,peach,120,https://imageswedding.theweddingcompany.com/bh_prod_bucket/weddings/ideabook/DECORATION/065b816d-40ce-4078-8259-cb9b33e93ce5/8A955DF5-6FBB-468F-A4B7-3CDD80CB40FA.jpg
https://imageswedding.theweddingcompany.com/bh_prod_bucket/weddings/ideabook/DECORATION/065b816d-40ce-4078-8259-cb9b33e93ce5/B0A21FBA-501C-4FC8-B3CF-02D4C811FFD4.jpg,crepe,plain,peach,102,https://imageswedding.theweddingcompany.com/bh_prod_bucket/weddings/ideabook/DECORATION/065b816d-40ce-4078-8259-cb9b33e93ce5/B0A21FBA-501C-4FC8-B3CF-02D4C811FFD4.jpg
https://imageswedding.theweddingcompany.com/bh_prod_bucket/weddings/ideabook/DECORATION/065b816d-40ce-4078-8259-cb9b33e93ce5/B0A21FBA-501C-4FC8-B3CF-02D4C811FFD4.jpg,lycra,plain,red,30,https://imageswedding.theweddingcompany.com/bh_prod_bucket/weddings/ideabook/DECORATION/065b816d-40ce-4078-8259-cb9b33e93ce5/B0A21FBA-501C-4FC8-B3CF-02D4C811FFD4.jpg
https://imageswedding.theweddingcompany.com/bh_prod_bucket/weddings/ideabook/DECORATION/065b816d-40ce-4078-8259-cb9b33e93ce5/E7B88712-495D-4F0B-A723-8134484295BD.jpg,jute,brown,brown,72,https://imageswedding.theweddingcompany.com/bh_prod_bucket/weddings/ideabook/DECORATION/065b816d-40ce-4078-8259-cb9b33e93ce5/E7B88712-495D-4F0B-A723-8134484295BD.jpg
https://imageswedding.theweddingcompany.com/bh_prod_bucket/weddings/ideabook/DECORATION/065b816d-40ce-4078-8259-cb9b33e93ce5/E7B88712-495D-4F0B-A723-8134484295BD.jpg,chiffon,plain,white,30,https://imageswedding.theweddingcompany.com/bh_prod_bucket/weddings/ideabook/DECORATION/065b816d-40ce-4078-8259-cb9b33e93ce5/E7B88712-495D-4F0B-A723-8134484295BD.jpg
https://imageswedding.theweddingcompany.com/bh_prod_bucket/weddings/ideabook/DECORATION/065b816d-40ce-4078-8259-cb9b33e93ce5/E7B88712-495D-4F0B-A723-8134484295BD.jpg,crepe,plain,white,30,https://imageswedding.theweddingcompany.com/bh_prod_bucket/weddings/ideabook/DECORATION/065b816d-40ce-4078-8259-cb9b33e93ce5/E7B88712-495D-4F0B-A723-8134484295BD.jpg
https://imageswedding.theweddingcompany.com/bh_prod_bucket/weddings/ideabook/DECORATION/065b816d-40ce-4078-8259-cb9b33e93ce5/98757C61-2B64-49F6-B344-4A5F03AB5289.jpeg,crepe,plain,white,200,https://imageswedding.theweddingcompany.com/bh_prod_bucket/weddings/ideabook/DECORATION/065b816d-40ce-4078-8259-cb9b33e93ce5/98757C61-2B64-49F6-B344-4A5F03AB5289.jpeg
https://imageswedding.theweddingcompany.com/bh_prod_bucket/weddings/ideabook/DECORATION/065b816d-40ce-4078-8259-cb9b33e93ce5/98757C61-2B64-49F6-B344-4A5F03AB5289.jpeg,crepe,plain,purple,80,https://imageswedding.theweddingcompany.com/bh_prod_bucket/weddings/ideabook/DECORATION/065b816d-40ce-4078-8259-cb9b33e93ce5/98757C61-2B64-49F6-B344-4A5F03AB5289.jpeg
https://imageswedding.theweddingcompany.com/bh_prod_bucket/weddings/ideabook/DECORATION/065b816d-40ce-4078-8259-cb9b33e93ce5/98757C61-2B64-49F6-B344-4A5F03AB5289.jpeg,crepe,plain,pink,400,https://imageswedding.theweddingcompany.com/bh_prod_bucket/weddings/ideabook/DECORATION/065b816d-40ce-4078-8259-cb9b33e93ce5/98757C61-2B64-49F6-B344-4A5F03AB5289.jpeg
https://imageswedding.theweddingcompany.com/bh_prod_bucket/weddings/ideabook/DECORATION/aca3819b-93cc-4b36-beb6-bc63882f241f/EF315845-EDA4-4782-B118-55AA28492855.jpg,satin,plain,pink,60,https://imageswedding.theweddingcompany.com/bh_prod_bucket/weddings/ideabook/DECORATION/aca3819b-93cc-4b36-beb6-bc63882f241f/EF315845-EDA4-4782-B118-55AA28492855.jpg
https://imageswedding.theweddingcompany.com/bh_prod_bucket/weddings/ideabook/DECORATION/aca3819b-93cc-4b36-beb6-bc63882f241f/39E05EE0-6046-427A-92CC-5DEDC36CF090.jpg,crepe,plain,pink,32,https://imageswedding.theweddingcompany.com/bh_prod_bucket/weddings/ideabook/DECORATION/aca3819b-93cc-4b36-beb6-bc63882f241f/39E05EE0-6046-427A-92CC-5DEDC36CF090.jpg
https://imageswedding.theweddingcompany.com/bh_prod_bucket/weddings/ideabook/DECORATION/aca3819b-93cc-4b36-beb6-bc63882f241f/39E05EE0-6046-427A-92CC-5DEDC36CF090.jpg,crepe,plain,orange,32,https://imageswedding.theweddingcompany.com/bh_prod_bucket/weddings/ideabook/DECORATION/aca3819b-93cc-4b36-beb6-bc63882f241f/39E05EE0-6046-427A-92CC-5DEDC36CF090.jpg
https://imageswedding.theweddingcompany.com/bh_prod_bucket/weddings/ideabook/DECORATION/aca3819b-93cc-4b36-beb6-bc63882f241f/39E05EE0-6046-427A-92CC-5DEDC36CF090.jpg,crepe,plain,white,15,https://imageswedding.theweddingcompany.com/bh_prod_bucket/weddings/ideabook/DECORATION/aca3819b-93cc-4b36-beb6-bc63882f241f/39E05EE0-6046-427A-92CC-5DEDC36CF090.jpg
https://imageswedding.theweddingcompany.com/bh_prod_bucket/weddings/ideabook/DECORATION/aca3819b-93cc-4b36-beb6-bc63882f241f/E53A51B3-AFF9-45FA-9DCB-0479986F54C6.jpg,lycra,plain,white,70,https://imageswedding.theweddingcompany.com/bh_prod_bucket/weddings/ideabook/DECORATION/aca3819b-93cc-4b36-beb6-bc63882f241f/E53A51B3-AFF9-45FA-9DCB-0479986F54C6.jpg
https://imageswedding.theweddingcompany.com/bh_prod_bucket/weddings/ideabook/PHOTOGRAPHY/118005d1-a2ad-49e5-a5ab-b9c914d0b23e/1786F114-0778-4D43-8DF3-E3B9FD4F0CE9.jpg,crepe,plain,white,16,https://imageswedding.theweddingcompany.com/bh_prod_bucket/weddings/ideabook/PHOTOGRAPHY/118005d1-a2ad-49e5-a5ab-b9c914d0b23e/1786F114-0778-4D43-8DF3-E3B9FD4F0CE9.jpg
https://imageswedding.theweddingcompany.com/bh_prod_bucket/watermark_assets/ideabook/28465BFF-C577-414E-8E90-01FF501D3B74.jpeg,Net ,embroidered,white,10,https://imageswedding.theweddingcompany.com/bh_prod_bucket/watermark_assets/ideabook/28465BFF-C577-414E-8E90-01FF501D3B74.jpeg
https://imageswedding.theweddingcompany.com/bh_prod_bucket/watermark_assets/ideabook/E357ED2D-D07E-4E4B-903B-4E0B2F699A39.jpeg,satin,plain,pink,35,https://imageswedding.theweddingcompany.com/bh_prod_bucket/watermark_assets/ideabook/E357ED2D-D07E-4E4B-903B-4E0B2F699A39.jpeg
https://imageswedding.theweddingcompany.com/bh_prod_bucket/watermark_assets/ideabook/E357ED2D-D07E-4E4B-903B-4E0B2F699A39.jpeg,satin,plain,Beige,35,https://imageswedding.theweddingcompany.com/bh_prod_bucket/watermark_assets/ideabook/E357ED2D-D07E-4E4B-903B-4E0B2F699A39.jpeg
https://imageswedding.theweddingcompany.com/bh_prod_bucket/watermark_assets/ideabook/E357ED2D-D07E-4E4B-903B-4E0B2F699A39.jpeg,crepe,plain,Beige,15,https://imageswedding.theweddingcompany.com/bh_prod_bucket/watermark_assets/ideabook/E357ED2D-D07E-4E4B-903B-4E0B2F699A39.jpeg
https://imageswedding.theweddingcompany.com/bh_prod_bucket/watermark_assets/ideabook/D5A9D125-F7B1-4419-922B-61516E791943.jpeg,crepe,plain,Beige,25,https://imageswedding.theweddingcompany.com/bh_prod_bucket/watermark_assets/ideabook/D5A9D125-F7B1-4419-922B-61516E791943.jpeg
https://imageswedding.theweddingcompany.com/bh_prod_bucket/watermark_assets/ideabook/45A30442-ED30-4A23-8F76-C023A990BE13.jpeg,crepe,plain,white,25,https://imageswedding.theweddingcompany.com/bh_prod_bucket/watermark_assets/ideabook/45A30442-ED30-4A23-8F76-C023A990BE13.jpeg
https://imageswedding.theweddingcompany.com/bh_prod_bucket/watermark_assets/ideabook/45A30442-ED30-4A23-8F76-C023A990BE13.jpeg,chiffon,plain,Beige,1,https://imageswedding.theweddingcompany.com/bh_prod_bucket/watermark_assets/ideabook/45A30442-ED30-4A23-8F76-C023A990BE13.jpeg
https://imageswedding.theweddingcompany.com/bh_prod_bucket/watermark_assets/ideabook/C801C89E-60D3-4B07-872E-CAAD8C790A12.jpeg,Net ,plain,white,15,https://imageswedding.theweddingcompany.com/bh_prod_bucket/watermark_assets/ideabook/C801C89E-60D3-4B07-872E-CAAD8C790A12.jpeg
https://imageswedding.theweddingcompany.com/bh_prod_bucket/watermark_assets/ideabook/C801C89E-60D3-4B07-872E-CAAD8C790A12.jpeg,lycra,plain,red,10,https://imageswedding.theweddingcompany.com/bh_prod_bucket/watermark_assets/ideabook/C801C89E-60D3-4B07-872E-CAAD8C790A12.jpeg
https://imageswedding.theweddingcompany.com/bh_prod_bucket/watermark_assets/ideabook/2432C23B-1EF2-4BD6-BA7A-829F850A1C93.jpeg,crepe,pleatable,white,60,https://imageswedding.theweddingcompany.com/bh_prod_bucket/watermark_assets/ideabook/2432C23B-1EF2-4BD6-BA7A-829F850A1C93.jpeg
https://imageswedding.theweddingcompany.com/bh_prod_bucket/watermark_assets/ideabook/2432C23B-1EF2-4BD6-BA7A-829F850A1C93.jpeg,satin,plain,white,40,https://imageswedding.theweddingcompany.com/bh_prod_bucket/watermark_assets/ideabook/2432C23B-1EF2-4BD6-BA7A-829F850A1C93.jpeg
https://imageswedding.theweddingcompany.com/bh_prod_bucket/watermark_assets/ideabook/0BD9DEBD-4085-4E75-9341-83EFBFA15D68.jpeg,lycra,plain,Beige,25,https://imageswedding.theweddingcompany.com/bh_prod_bucket/watermark_assets/ideabook/0BD9DEBD-4085-4E75-9341-83EFBFA15D68.jpeg
https://imageswedding.theweddingcompany.com/bh_prod_bucket/watermark_assets/ideabook/DFCE626D-66AE-47C2-AE51-388BCC3F4EF3.jpeg,lycra,plain,white,120,https://imageswedding.theweddingcompany.com/bh_prod_bucket/watermark_assets/ideabook/DFCE626D-66AE-47C2-AE51-388BCC3F4EF3.jpeg
https://imageswedding.theweddingcompany.com/bh_prod_bucket/watermark_assets/ideabook/3CA01047-7A4C-443C-8760-913F8A265746.jpeg,crepe,plain,peach,70,https://imageswedding.theweddingcompany.com/bh_prod_bucket/watermark_assets/ideabook/3CA01047-7A4C-443C-8760-913F8A265746.jpeg
https://imageswedding.theweddingcompany.com/bh_prod_bucket/watermark_assets/ideabook/3CA01047-7A4C-443C-8760-913F8A265746.jpeg,satin,plain,peach,30,https://imageswedding.theweddingcompany.com/bh_prod_bucket/watermark_assets/ideabook/3CA01047-7A4C-443C-8760-913F8A265746.jpeg
https://imageswedding.theweddingcompany.com/bh_prod_bucket/watermark_assets/ideabook/FC4E5806-2E35-4E7D-ACC8-97822781EF02.jpeg,crepe,plain,peach,15,https://imageswedding.theweddingcompany.com/bh_prod_bucket/watermark_assets/ideabook/FC4E5806-2E35-4E7D-ACC8-97822781EF02.jpeg
https://imageswedding.theweddingcompany.com/bh_prod_bucket/watermark_assets/ideabook/FC4E5806-2E35-4E7D-ACC8-97822781EF02.jpeg,crepe,plain,gold,15,https://imageswedding.theweddingcompany.com/bh_prod_bucket/watermark_assets/ideabook/FC4E5806-2E35-4E7D-ACC8-97822781EF02.jpeg
https://imageswedding.theweddingcompany.com/bh_prod_bucket/watermark_assets/ideabook/04495655-CEDF-4EAC-B920-35ED43C902D7.jpeg,crepe,plain,white,18,https://imageswedding.theweddingcompany.com/bh_prod_bucket/watermark_assets/ideabook/04495655-CEDF-4EAC-B920-35ED43C902D7.jpeg
https://imageswedding.theweddingcompany.com/bh_prod_bucket/watermark_assets/ideabook/50AEC282-7887-4E39-8751-2522A95C0C51.jpeg,crepe,plain,white,20,https://imageswedding.theweddingcompany.com/bh_prod_bucket/watermark_assets/ideabook/50AEC282-7887-4E39-8751-2522A95C0C51.jpeg
https://imageswedding.theweddingcompany.com/bh_prod_bucket/watermark_assets/ideabook/50AEC282-7887-4E39-8751-2522A95C0C51.jpeg,crepe,plain,white,32,https://imageswedding.theweddingcompany.com/bh_prod_bucket/watermark_assets/ideabook/50AEC282-7887-4E39-8751-2522A95C0C51.jpeg
https://imageswedding.theweddingcompany.com/bh_prod_bucket/watermark_assets/ideabook/FE496876-48CA-44D9-AB39-7FDE25FBB601.jpeg,crepe,plain,white,30,https://imageswedding.theweddingcompany.com/bh_prod_bucket/watermark_assets/ideabook/FE496876-48CA-44D9-AB39-7FDE25FBB601.jpeg
https://imageswedding.theweddingcompany.com/bh_prod_bucket/watermark_assets/ideabook/FE496876-48CA-44D9-AB39-7FDE25FBB601.jpeg,crepe,plain,Beige,64,https://imageswedding.theweddingcompany.com/bh_prod_bucket/watermark_assets/ideabook/FE496876-48CA-44D9-AB39-7FDE25FBB601.jpeg
https://imageswedding.theweddingcompany.com/bh_prod_bucket/watermark_assets/ideabook/578B0F0C-7174-4005-9229-C98B8D8D66D2.jpeg,crepe,plain,white,80,https://imageswedding.theweddingcompany.com/bh_prod_bucket/watermark_assets/ideabook/578B0F0C-7174-4005-9229-C98B8D8D66D2.jpeg
https://imageswedding.theweddingcompany.com/bh_prod_bucket/watermark_assets/ideabook/54EFAFDD-A693-4028-8431-0BA465144D15.jpeg,crepe,plain,yellow,6,https://imageswedding.theweddingcompany.com/bh_prod_bucket/watermark_assets/ideabook/54EFAFDD-A693-4028-8431-0BA465144D15.jpeg
https://imageswedding.theweddingcompany.com/bh_prod_bucket/watermark_assets/ideabook/F7CF573A-260A-43D9-8513-91A0993F69D8.jpeg,satin,plain,yellow,20,https://imageswedding.theweddingcompany.com/bh_prod_bucket/watermark_assets/ideabook/F7CF573A-260A-43D9-8513-91A0993F69D8.jpeg
https://imageswedding.theweddingcompany.com/bh_prod_bucket/watermark_assets/ideabook/2B89A109-5BE3-4CF4-8DD7-2A909AD522B2.jpeg,crepe,plain,white,5,https://imageswedding.theweddingcompany.com/bh_prod_bucket/watermark_assets/ideabook/2B89A109-5BE3-4CF4-8DD7-2A909AD522B2.jpeg
https://imageswedding.theweddingcompany.com/bh_prod_bucket/watermark_assets/ideabook/C501B52B-DBD4-4C13-AC33-F4B43E88F4CB.jpeg,crepe,plain,white,25,https://imageswedding.theweddingcompany.com/bh_prod_bucket/watermark_assets/ideabook/C501B52B-DBD4-4C13-AC33-F4B43E88F4CB.jpeg
https://imageswedding.theweddingcompany.com/bh_prod_bucket/watermark_assets/ideabook/0A62B9FC-046F-4B42-B764-D3584A199440.jpeg,crepe,plain,white,16,https://imageswedding.theweddingcompany.com/bh_prod_bucket/watermark_assets/ideabook/0A62B9FC-046F-4B42-B764-D3584A199440.jpeg
https://imageswedding.theweddingcompany.com/bh_prod_bucket/watermark_assets/ideabook/0A62B9FC-046F-4B42-B764-D3584A199440.jpeg,crepe,plain,peach,28,https://imageswedding.theweddingcompany.com/bh_prod_bucket/watermark_assets/ideabook/0A62B9FC-046F-4B42-B764-D3584A199440.jpeg
https://imageswedding.theweddingcompany.com/bh_prod_bucket/watermark_assets/ideabook/7BE21C05-25F8-449B-A557-EC8ECC5E8BA0.jpeg,crepe,plain,brown,36,https://imageswedding.theweddingcompany.com/bh_prod_bucket/watermark_assets/ideabook/7BE21C05-25F8-449B-A557-EC8ECC5E8BA0.jpeg
https://imageswedding.theweddingcompany.com/bh_prod_bucket/watermark_assets/ideabook/DD071B5D-A009-462C-B8BA-2A08836677AC.jpeg,chiffon,plain,white,125,https://imageswedding.theweddingcompany.com/bh_prod_bucket/watermark_assets/ideabook/DD071B5D-A009-462C-B8BA-2A08836677AC.jpeg
https://imageswedding.theweddingcompany.com/bh_prod_bucket/watermark_assets/ideabook/0A1E604C-9CA1-4EED-9C68-1BA0DD7939E8.jpeg,satin,pleatable,Beige,32,https://imageswedding.theweddingcompany.com/bh_prod_bucket/watermark_assets/ideabook/0A1E604C-9CA1-4EED-9C68-1BA0DD7939E8.jpeg
https://imageswedding.theweddingcompany.com/bh_prod_bucket/watermark_assets/ideabook/0A1E604C-9CA1-4EED-9C68-1BA0DD7939E8.jpeg,crepe,plain,Beige,120,https://imageswedding.theweddingcompany.com/bh_prod_bucket/watermark_assets/ideabook/0A1E604C-9CA1-4EED-9C68-1BA0DD7939E8.jpeg
https://www.theweddingcompany.com/wedding-ideas/idea/whimsical-blooms-9A967211-4BFA-4E40-B5F0-17CAA324CF97,crepe,plain,Beige,80,https://imageswedding.theweddingcompany.com/bh_prod_bucket/watermark_assets/ideabook/9A967211-4BFA-4E40-B5F0-17CAA324CF97.jpeg
https://www.theweddingcompany.com/wedding-ideas/idea/romantic-oasis-88B69F05-B189-4865-8DD5-9B45266DC0AC,crepe,plain,red,25,https://imageswedding.theweddingcompany.com/bh_prod_bucket/watermark_assets/ideabook/88B69F05-B189-4865-8DD5-9B45266DC0AC.jpeg
https://www.theweddingcompany.com/wedding-ideas/idea/floral-dream-stage-D251DF7E-6DAD-4259-92A9-86CFA3BBEE17,crepe,plain,Beige,48,https://imageswedding.theweddingcompany.com/bh_prod_bucket/watermark_assets/ideabook/D251DF7E-6DAD-4259-92A9-86CFA3BBEE17.jpeg
https://www.theweddingcompany.com/wedding-ideas/idea/elegant-wedding-ceremony-on-a-hillside-D1C425B9-EA68-438E-AE69-1ED0E07E03E9,chiffon,plain,Beige,18,https://imageswedding.theweddingcompany.com/bh_prod_bucket/watermark_assets/ideabook/D1C425B9-EA68-438E-AE69-1ED0E07E03E9.jpeg
https://www.theweddingcompany.com/wedding-ideas/idea/colorful-fiesta-3AD5A9F1-0594-4129-BEBE-184EE1819500,crepe,plain,blue,60,https://imageswedding.theweddingcompany.com/bh_prod_bucket/watermark_assets/ideabook/3AD5A9F1-0594-4129-BEBE-184EE1819500.jpeg
https://www.theweddingcompany.com/wedding-ideas/idea/outdoor-serenity-C85A996C-75CF-4006-9473-7FDE2EF8B717,crepe,pleatable,Beige,30,https://imageswedding.theweddingcompany.com/bh_prod_bucket/watermark_assets/ideabook/C85A996C-75CF-4006-9473-7FDE2EF8B717.jpeg
https://imageswedding.theweddingcompany.com/bh_prod_bucket/watermark_assets/ideabook/7948E619-4797-4541-AEE7-CBF564C1603C.jpeg,crepe,plain,red,20,https://imageswedding.theweddingcompany.com/bh_prod_bucket/watermark_assets/ideabook/7948E619-4797-4541-AEE7-CBF564C1603C.jpeg
https://imageswedding.theweddingcompany.com/bh_prod_bucket/watermark_assets/ideabook/7948E619-4797-4541-AEE7-CBF564C1603C.jpeg,crepe,plain,pink,15,https://imageswedding.theweddingcompany.com/bh_prod_bucket/watermark_assets/ideabook/7948E619-4797-4541-AEE7-CBF564C1603C.jpeg
https://imageswedding.theweddingcompany.com/bh_prod_bucket/watermark_assets/ideabook/7948E619-4797-4541-AEE7-CBF564C1603C.jpeg,crepe,plain,yellow,8,https://imageswedding.theweddingcompany.com/bh_prod_bucket/watermark_assets/ideabook/7948E619-4797-4541-AEE7-CBF564C1603C.jpeg
https://imageswedding.theweddingcompany.com/bh_prod_bucket/watermark_assets/ideabook/363BFC6F-2697-4F8B-8855-0750AFB0336F.jpeg,satin,plain,lavender,12,https://imageswedding.theweddingcompany.com/bh_prod_bucket/watermark_assets/ideabook/363BFC6F-2697-4F8B-8855-0750AFB0336F.jpeg
https://imageswedding.theweddingcompany.com/bh_prod_bucket/watermark_assets/ideabook/EE5710E6-28BD-47B5-82B6-9768682ABCEC.jpeg,Chiffon,plain,violet,45,https://imageswedding.theweddingcompany.com/bh_prod_bucket/watermark_assets/ideabook/EE5710E6-28BD-47B5-82B6-9768682ABCEC.jpeg
https://imageswedding.theweddingcompany.com/bh_prod_bucket/watermark_assets/ideabook/EE5710E6-28BD-47B5-82B6-9768682ABCEC.jpeg,crepe,plain,yellow,18,https://imageswedding.theweddingcompany.com/bh_prod_bucket/watermark_assets/ideabook/EE5710E6-28BD-47B5-82B6-9768682ABCEC.jpeg
https://imageswedding.theweddingcompany.com/bh_prod_bucket/watermark_assets/ideabook/EE5710E6-28BD-47B5-82B6-9768682ABCEC.jpeg,crepe,plain,orange,18,https://imageswedding.theweddingcompany.com/bh_prod_bucket/watermark_assets/ideabook/EE5710E6-28BD-47B5-82B6-9768682ABCEC.jpeg
https://imageswedding.theweddingcompany.com/bh_prod_bucket/watermark_assets/ideabook/EE5710E6-28BD-47B5-82B6-9768682ABCEC.jpeg,Net ,plain,pink,18,https://imageswedding.theweddingcompany.com/bh_prod_bucket/watermark_assets/ideabook/EE5710E6-28BD-47B5-82B6-9768682ABCEC.jpeg
https://imageswedding.theweddingcompany.com/bh_prod_bucket/watermark_assets/ideabook/EE5710E6-28BD-47B5-82B6-9768682ABCEC.jpeg,Net ,plain,red,18,https://imageswedding.theweddingcompany.com/bh_prod_bucket/watermark_assets/ideabook/EE5710E6-28BD-47B5-82B6-9768682ABCEC.jpeg
https://imageswedding.theweddingcompany.com/bh_prod_bucket/watermark_assets/ideabook/3BDAFFFF-7DE9-449F-BB78-7569FDD16F0E.jpeg,crepe,plain,yellow,15,https://imageswedding.theweddingcompany.com/bh_prod_bucket/watermark_assets/ideabook/3BDAFFFF-7DE9-449F-BB78-7569FDD16F0E.jpeg
https://imageswedding.theweddingcompany.com/bh_prod_bucket/watermark_assets/ideabook/1D160EBC-6154-458E-A1C0-5DEAF800FCDF.jpeg,crepe,satin,Beige,70,https://imageswedding.theweddingcompany.com/bh_prod_bucket/watermark_assets/ideabook/1D160EBC-6154-458E-A1C0-5DEAF800FCDF.jpeg
https://imageswedding.theweddingcompany.com/bh_prod_bucket/watermark_assets/ideabook/4E4EFC54-C617-4078-B17E-22E0708B0B69.jpeg,crepe,plain,blue,25,https://imageswedding.theweddingcompany.com/bh_prod_bucket/watermark_assets/ideabook/4E4EFC54-C617-4078-B17E-22E0708B0B69.jpeg
https://imageswedding.theweddingcompany.com/bh_prod_bucket/watermark_assets/ideabook/4E4EFC54-C617-4078-B17E-22E0708B0B69.jpeg,crepe,plain,orange,25,https://imageswedding.theweddingcompany.com/bh_prod_bucket/watermark_assets/ideabook/4E4EFC54-C617-4078-B17E-22E0708B0B69.jpeg
https://imageswedding.theweddingcompany.com/bh_prod_bucket/watermark_assets/ideabook/4E4EFC54-C617-4078-B17E-22E0708B0B69.jpeg,crepe,plain,yellow,25,https://imageswedding.theweddingcompany.com/bh_prod_bucket/watermark_assets/ideabook/4E4EFC54-C617-4078-B17E-22E0708B0B69.jpeg
https://imageswedding.theweddingcompany.com/bh_prod_bucket/watermark_assets/ideabook/4E4EFC54-C617-4078-B17E-22E0708B0B69.jpeg,crepe,plain,red,15,https://imageswedding.theweddingcompany.com/bh_prod_bucket/watermark_assets/ideabook/4E4EFC54-C617-4078-B17E-22E0708B0B69.jpeg
https://imageswedding.theweddingcompany.com/bh_prod_bucket/watermark_assets/ideabook/A8ED4A7F-8F10-474C-8783-59774F21B672.jpeg,chiffon,plain,white,30,https://imageswedding.theweddingcompany.com/bh_prod_bucket/watermark_assets/ideabook/A8ED4A7F-8F10-474C-8783-59774F21B672.jpeg
https://imageswedding.theweddingcompany.com/bh_prod_bucket/watermark_assets/ideabook/B0C4F414-BB3D-4A61-AB09-ED5F200F4EC7.jpeg,chiffon,plain,yellow,45,https://imageswedding.theweddingcompany.com/bh_prod_bucket/watermark_assets/ideabook/B0C4F414-BB3D-4A61-AB09-ED5F200F4EC7.jpeg
https://imageswedding.theweddingcompany.com/bh_prod_bucket/watermark_assets/ideabook/B0C4F414-BB3D-4A61-AB09-ED5F200F4EC7.jpeg,crepe,plain,yellow,50,https://imageswedding.theweddingcompany.com/bh_prod_bucket/watermark_assets/ideabook/B0C4F414-BB3D-4A61-AB09-ED5F200F4EC7.jpeg
https://imageswedding.theweddingcompany.com/bh_prod_bucket/watermark_assets/ideabook/B0C4F414-BB3D-4A61-AB09-ED5F200F4EC7.jpeg,crepe,plain,red,40,https://imageswedding.theweddingcompany.com/bh_prod_bucket/watermark_assets/ideabook/B0C4F414-BB3D-4A61-AB09-ED5F200F4EC7.jpeg
https://imageswedding.theweddingcompany.com/bh_prod_bucket/watermark_assets/ideabook/BC42BACF-581B-4951-A80F-D51172FF90AA.jpeg,crepe,plain,red,80,https://imageswedding.theweddingcompany.com/bh_prod_bucket/watermark_assets/ideabook/BC42BACF-581B-4951-A80F-D51172FF90AA.jpeg
https://imageswedding.theweddingcompany.com/bh_prod_bucket/watermark_assets/ideabook/BC42BACF-581B-4951-A80F-D51172FF90AA.jpeg,crepe,plain,green,130,https://imageswedding.theweddingcompany.com/bh_prod_bucket/watermark_assets/ideabook/BC42BACF-581B-4951-A80F-D51172FF90AA.jpeg
https://imageswedding.theweddingcompany.com/bh_prod_bucket/watermark_assets/ideabook/BC42BACF-581B-4951-A80F-D51172FF90AA.jpeg,crepe,plain,yellow,80,https://imageswedding.theweddingcompany.com/bh_prod_bucket/watermark_assets/ideabook/BC42BACF-581B-4951-A80F-D51172FF90AA.jpeg
https://imageswedding.theweddingcompany.com/bh_prod_bucket/watermark_assets/ideabook/BC42BACF-581B-4951-A80F-D51172FF90AA.jpeg,crepe,plain,orange,80,https://imageswedding.theweddingcompany.com/bh_prod_bucket/watermark_assets/ideabook/BC42BACF-581B-4951-A80F-D51172FF90AA.jpeg
https://imageswedding.theweddingcompany.com/bh_prod_bucket/watermark_assets/ideabook/3A49896C-6A4E-40C2-82B1-08228E321558.jpeg,crepe,plain,yellow,80,https://imageswedding.theweddingcompany.com/bh_prod_bucket/watermark_assets/ideabook/3A49896C-6A4E-40C2-82B1-08228E321558.jpeg
https://imageswedding.theweddingcompany.com/bh_prod_bucket/watermark_assets/ideabook/041BFFFC-3621-4504-B3E4-B927B2057ADF.jpeg,crepe,plain,blue,28,https://imageswedding.theweddingcompany.com/bh_prod_bucket/watermark_assets/ideabook/041BFFFC-3621-4504-B3E4-B927B2057ADF.jpeg
https://imageswedding.theweddingcompany.com/bh_prod_bucket/watermark_assets/ideabook/041BFFFC-3621-4504-B3E4-B927B2057ADF.jpeg,crepe,plain,blue,25,https://imageswedding.theweddingcompany.com/bh_prod_bucket/watermark_assets/ideabook/041BFFFC-3621-4504-B3E4-B927B2057ADF.jpeg
https://imageswedding.theweddingcompany.com/bh_prod_bucket/watermark_assets/ideabook/5A3043E9-24AB-44AE-8DCC-3971D6F1C683.jpeg,sequin,shimmer,maroon,20,https://imageswedding.theweddingcompany.com/bh_prod_bucket/watermark_assets/ideabook/5A3043E9-24AB-44AE-8DCC-3971D6F1C683.jpeg
https://imageswedding.theweddingcompany.com/bh_prod_bucket/watermark_assets/ideabook/D4ED94F2-6F05-4970-A43B-61BDD702C669.jpeg,Chiffon,plain,Beige,18,https://imageswedding.theweddingcompany.com/bh_prod_bucket/watermark_assets/ideabook/D4ED94F2-6F05-4970-A43B-61BDD702C669.jpeg
https://imageswedding.theweddingcompany.com/bh_prod_bucket/watermark_assets/ideabook/499C08BF-64B2-4DC7-A80E-52FB885EF07A.jpeg,crepe,plain,Beige,300,https://imageswedding.theweddingcompany.com/bh_prod_bucket/watermark_assets/ideabook/499C08BF-64B2-4DC7-A80E-52FB885EF07A.jpeg
https://imageswedding.theweddingcompany.com/bh_prod_bucket/watermark_assets/ideabook/499C08BF-64B2-4DC7-A80E-52FB885EF07A.jpeg,satin,shimmer,green,80,https://imageswedding.theweddingcompany.com/bh_prod_bucket/watermark_assets/ideabook/499C08BF-64B2-4DC7-A80E-52FB885EF07A.jpeg
https://imageswedding.theweddingcompany.com/bh_prod_bucket/watermark_assets/ideabook/150902C1-3408-4550-A3EF-A47D38D58C0B.jpeg,crepe,plain,purple,48,https://imageswedding.theweddingcompany.com/bh_prod_bucket/watermark_assets/ideabook/150902C1-3408-4550-A3EF-A47D38D58C0B.jpeg
https://imageswedding.theweddingcompany.com/bh_prod_bucket/weddings/ideabook/PHOTOGRAPHY/118005d1-a2ad-49e5-a5ab-b9c914d0b23e/1786F114-0778-4D43-8DF3-E3B9FD4F0CE9.jpg,crepe,plain,white,25,https://imageswedding.theweddingcompany.com/bh_prod_bucket/weddings/ideabook/PHOTOGRAPHY/118005d1-a2ad-49e5-a5ab-b9c914d0b23e/1786F114-0778-4D43-8DF3-E3B9FD4F0CE9.jpg
https://imageswedding.theweddingcompany.com/bh_prod_bucket/weddings/ideabook/DECORATION/1dca9fad-7303-48ff-aae9-60cf9cb3a121/CF397240-6991-4DDC-9A30-A890997E5108.jpg,crepe,plain,yellow,15,https://imageswedding.theweddingcompany.com/bh_prod_bucket/weddings/ideabook/DECORATION/1dca9fad-7303-48ff-aae9-60cf9cb3a121/CF397240-6991-4DDC-9A30-A890997E5108.jpg
https://imageswedding.theweddingcompany.com/bh_prod_bucket/weddings/ideabook/DECORATION/065b816d-40ce-4078-8259-cb9b33e93ce5/7FA953FB-FD9B-4DBA-8376-2EF71BCFEED9.jpg,crepe,plain,peach,120,https://imageswedding.theweddingcompany.com/bh_prod_bucket/weddings/ideabook/DECORATION/065b816d-40ce-4078-8259-cb9b33e93ce5/7FA953FB-FD9B-4DBA-8376-2EF71BCFEED9.jpg
https://imageswedding.theweddingcompany.com/bh_prod_bucket/weddings/ideabook/DECORATION/aca3819b-93cc-4b36-beb6-bc63882f241f/640DE19A-8D26-474C-AF07-ED9FB8E4A4D3.jpg,crepe,plain,white,25,https://imageswedding.theweddingcompany.com/bh_prod_bucket/weddings/ideabook/DECORATION/aca3819b-93cc-4b36-beb6-bc63882f241f/640DE19A-8D26-474C-AF07-ED9FB8E4A4D3.jpg
https://imageswedding.theweddingcompany.com/bh_prod_bucket/weddings/ideabook/DECORATION/aca3819b-93cc-4b36-beb6-bc63882f241f/640DE19A-8D26-474C-AF07-ED9FB8E4A4D3.jpg,Chiffon,plain,white,16,https://imageswedding.theweddingcompany.com/bh_prod_bucket/weddings/ideabook/DECORATION/aca3819b-93cc-4b36-beb6-bc63882f241f/640DE19A-8D26-474C-AF07-ED9FB8E4A4D3.jpg
https://imageswedding.theweddingcompany.com/bh_prod_bucket/weddings/ideabook/DECORATION/aca3819b-93cc-4b36-beb6-bc63882f241f/83D4EA65-BDED-4A8D-BC34-DF257621DEA7.jpg,crepe,plain,pink,25,https://imageswedding.theweddingcompany.com/bh_prod_bucket/weddings/ideabook/DECORATION/aca3819b-93cc-4b36-beb6-bc63882f241f/83D4EA65-BDED-4A8D-BC34-DF257621DEA7.jpg
https://imageswedding.theweddingcompany.com/bh_prod_bucket/weddings/ideabook/DECORATION/aca3819b-93cc-4b36-beb6-bc63882f241f/5B85A059-1FD1-4E1A-B32C-214CE9AA09D4.jpg,crepe,plain,pink,85,https://imageswedding.theweddingcompany.com/bh_prod_bucket/weddings/ideabook/DECORATION/aca3819b-93cc-4b36-beb6-bc63882f241f/5B85A059-1FD1-4E1A-B32C-214CE9AA09D4.jpg
https://imageswedding.theweddingcompany.com/bh_prod_bucket/weddings/ideabook/DECORATION/aca3819b-93cc-4b36-beb6-bc63882f241f/5B85A059-1FD1-4E1A-B32C-214CE9AA09D4.jpg,crepe,plain,white,85,https://imageswedding.theweddingcompany.com/bh_prod_bucket/weddings/ideabook/DECORATION/aca3819b-93cc-4b36-beb6-bc63882f241f/5B85A059-1FD1-4E1A-B32C-214CE9AA09D4.jpg
https://imageswedding.theweddingcompany.com/bh_prod_bucket/weddings/ideabook/DECORATION/aca3819b-93cc-4b36-beb6-bc63882f241f/C7251CF3-C37A-4416-86A5-907B344D1E70.jpg,crepe,plain,gold,28,https://imageswedding.theweddingcompany.com/bh_prod_bucket/weddings/ideabook/DECORATION/aca3819b-93cc-4b36-beb6-bc63882f241f/C7251CF3-C37A-4416-86A5-907B344D1E70.jpg
https://imageswedding.theweddingcompany.com/bh_prod_bucket/weddings/ideabook/DECORATION/aca3819b-93cc-4b36-beb6-bc63882f241f/C7251CF3-C37A-4416-86A5-907B344D1E70.jpg,crepe,plain,peach,40,https://imageswedding.theweddingcompany.com/bh_prod_bucket/weddings/ideabook/DECORATION/aca3819b-93cc-4b36-beb6-bc63882f241f/C7251CF3-C37A-4416-86A5-907B344D1E70.jpg
https://imageswedding.theweddingcompany.com/bh_prod_bucket/weddings/ideabook/PHOTOGRAPHY/8863b71a-668c-47f2-b43e-ac009197ab8f/1F67409E-C85F-4E77-89C0-E644A3D9A5EF.jpg,crepe,plain,yellow,50,https://imageswedding.theweddingcompany.com/bh_prod_bucket/weddings/ideabook/PHOTOGRAPHY/8863b71a-668c-47f2-b43e-ac009197ab8f/1F67409E-C85F-4E77-89C0-E644A3D9A5EF.jpg
https://imageswedding.theweddingcompany.com/bh_prod_bucket/weddings/ideabook/PHOTOGRAPHY/480f5a5e-8489-465d-9c4a-b7c8bca0b9e6/E2462656-FBDB-44C4-9570-3F76AB91DCD2.JPG,crepe,plain,pink,90,https://imageswedding.theweddingcompany.com/bh_prod_bucket/weddings/ideabook/PHOTOGRAPHY/480f5a5e-8489-465d-9c4a-b7c8bca0b9e6/E2462656-FBDB-44C4-9570-3F76AB91DCD2.JPG
https://imageswedding.theweddingcompany.com/bh_prod_bucket/weddings/ideabook/PHOTOGRAPHY/480f5a5e-8489-465d-9c4a-b7c8bca0b9e6/E2462656-FBDB-44C4-9570-3F76AB91DCD2.JPG,crepe,plain,blue,30,https://imageswedding.theweddingcompany.com/bh_prod_bucket/weddings/ideabook/PHOTOGRAPHY/480f5a5e-8489-465d-9c4a-b7c8bca0b9e6/E2462656-FBDB-44C4-9570-3F76AB91DCD2.JPG
https://imageswedding.theweddingcompany.com/bh_prod_bucket/weddings/ideabook/PHOTOGRAPHY/bcd79adf-6f90-4f95-ab00-d1b93586f7c1/4A7E8453-CEA8-4007-8E92-43BEC7F9C920.jpg,crepe,plain,pink,80,https://imageswedding.theweddingcompany.com/bh_prod_bucket/weddings/ideabook/PHOTOGRAPHY/bcd79adf-6f90-4f95-ab00-d1b93586f7c1/4A7E8453-CEA8-4007-8E92-43BEC7F9C920.jpg
https://imageswedding.theweddingcompany.com/bh_prod_bucket/weddings/ideabook/PHOTOGRAPHY/bcd79adf-6f90-4f95-ab00-d1b93586f7c1/3DAD5B16-F15A-4F90-AC98-3D62050E9716.jpg,crepe,embroidered,white,80,https://imageswedding.theweddingcompany.com/bh_prod_bucket/weddings/ideabook/PHOTOGRAPHY/bcd79adf-6f90-4f95-ab00-d1b93586f7c1/3DAD5B16-F15A-4F90-AC98-3D62050E9716.jpg
https://imageswedding.theweddingcompany.com/bh_prod_bucket/weddings/ideabook/DECORATION/fd000cd0-4cb9-4497-a5dd-89f97c84fdd8/1FCD232E-9E2E-4C77-9C13-3AE7C0585FCE.jpg,satin,plain,white,25,https://imageswedding.theweddingcompany.com/bh_prod_bucket/weddings/ideabook/DECORATION/fd000cd0-4cb9-4497-a5dd-89f97c84fdd8/1FCD232E-9E2E-4C77-9C13-3AE7C0585FCE.jpg
https://imageswedding.theweddingcompany.com/bh_prod_bucket/weddings/ideabook/DECORATION/1dca9fad-7303-48ff-aae9-60cf9cb3a121/F1AB436D-5A70-4BE8-B7F7-820890C39033.png,crepe,plain,red,25,https://imageswedding.theweddingcompany.com/bh_prod_bucket/weddings/ideabook/DECORATION/1dca9fad-7303-48ff-aae9-60cf9cb3a121/F1AB436D-5A70-4BE8-B7F7-820890C39033.png
https://imageswedding.theweddingcompany.com/bh_prod_bucket/weddings/ideabook/PHOTOGRAPHY/e82353ef-9077-4c75-8a7e-9a32714c59eb/1EEF673E-E641-4FDF-BC46-2348824265AD.jpg,crepe,plain,white,65,https://imageswedding.theweddingcompany.com/bh_prod_bucket/weddings/ideabook/PHOTOGRAPHY/e82353ef-9077-4c75-8a7e-9a32714c59eb/1EEF673E-E641-4FDF-BC46-2348824265AD.jpg
https://imageswedding.theweddingcompany.com/bh_prod_bucket/weddings/ideabook/PHOTOGRAPHY/d0bd1c0b-646d-4d06-a93b-e15e6cde9c8a/35AC76BC-05E7-4A7C-9650-40EDC5919935.jpg,crepe,plain,peach,50,https://imageswedding.theweddingcompany.com/bh_prod_bucket/weddings/ideabook/PHOTOGRAPHY/d0bd1c0b-646d-4d06-a93b-e15e6cde9c8a/35AC76BC-05E7-4A7C-9650-40EDC5919935.jpg
https://drive.google.com/file/d/1KWjd3b8UFoYriXVxmzFzqXrGxqA_I2Co/view,crepe,plain,yellow,36,https://drive.google.com/uc?export=download&id=1KWjd3b8UFoYriXVxmzFzqXrGxqA_I2Co
https://drive.google.com/file/d/1sR4Tv9alFktc8qdXokBGJmaI_6TqzgNH/view,crepe,pleatable,white,70,https://drive.google.com/uc?export=download&id=1sR4Tv9alFktc8qdXokBGJmaI_6TqzgNH
https://drive.google.com/file/d/1DNT5PhDxS8TUdf1RNV9bjtvBg2Xb40V4/view?usp=sharing,crepe,plain,black,12,https://drive.google.com/uc?export=download&id=1DNT5PhDxS8TUdf1RNV9bjtvBg2Xb40V4
https://drive.google.com/file/d/1xeswtnShoP8gcJY0PIk_EYVsbe1A3BmD/view,satin,shimmer,red,1,https://drive.google.com/uc?export=download&id=1xeswtnShoP8gcJY0PIk_EYVsbe1A3BmD
https://drive.google.com/file/d/1yLpIX3di-8nypYeQ_g4kmKVNWNPxmw14/view,chiffon,plain,white,1,https://drive.google.com/uc?export=download&id=1yLpIX3di-8nypYeQ_g4kmKVNWNPxmw14
https://i.pinimg.com/1200x/1e/86/bc/1e86bca024b01fd03c873dd26d21c6b3.jpg,chiffon,plain,white,125,https://i.pinimg.com/1200x/1e/86/bc/1e86bca024b01fd03c873dd26d21c6b3.jpg
https://i.pinimg.com/1200x/4f/45/34/4f4534ab20d89076adf65e2bb711e16e.jpg,crepe,plain,white,28,https://i.pinimg.com/1200x/4f/45/34/4f4534ab20d89076adf65e2bb711e16e.jpg
https://i.pinimg.com/1200x/f9/b8/64/f9b864f3c1004719f1aa6e245e9f345d.jpg,crepe,plain,yellow,600,https://i.pinimg.com/1200x/f9/b8/64/f9b864f3c1004719f1aa6e245e9f345d.jpg
https://i.pinimg.com/1200x/f9/b8/64/f9b864f3c1004719f1aa6e245e9f345d.jpg,crepe,plain,white,600,https://i.pinimg.com/1200x/f9/b8/64/f9b864f3c1004719f1aa6e245e9f345d.jpg
https://i.pinimg.com/1200x/f9/b8/64/f9b864f3c1004719f1aa6e245e9f345d.jpg,satin,plain,yellow,24,https://i.pinimg.com/1200x/f9/b8/64/f9b864f3c1004719f1aa6e245e9f345d.jpg
https://i.pinimg.com/1200x/53/92/5c/53925c3de3b90b10430742db6af6f929.jpg,crepe,plain,yellow,70,https://i.pinimg.com/1200x/53/92/5c/53925c3de3b90b10430742db6af6f929.jpg
https://i.pinimg.com/1200x/53/92/5c/53925c3de3b90b10430742db6af6f929.jpg,crepe,plain,white,30,https://i.pinimg.com/1200x/53/92/5c/53925c3de3b90b10430742db6af6f929.jpg
https://i.pinimg.com/1200x/52/e0/52/52e05274850f67ed553711c09aa217f6.jpg,crepe,plain,white,35,https://i.pinimg.com/1200x/52/e0/52/52e05274850f67ed553711c09aa217f6.jpg
https://i.pinimg.com/1200x/20/2b/c3/202bc3442e567a32d8912035e89e5ddc.jpg,crepe,plain,peach,25,https://i.pinimg.com/1200x/20/2b/c3/202bc3442e567a32d8912035e89e5ddc.jpg
https://i.pinimg.com/736x/1f/53/ad/1f53ad1d8f2cf5f9fac0ea7f4eb417eb.jpg,chiffon,plain,white,125,https://i.pinimg.com/736x/1f/53/ad/1f53ad1d8f2cf5f9fac0ea7f4eb417eb.jpg
https://i.pinimg.com/736x/ee/74/20/ee74204bf7a3811b3d0acb6e624f37c3.jpg,chiffon,plain,Beige,125,https://i.pinimg.com/736x/ee/74/20/ee74204bf7a3811b3d0acb6e624f37c3.jpg
https://i.pinimg.com/736x/6b/f2/08/6bf208a9e4df7d4eb60cb68a8e9374af.jpg,crepe,pleatable,pink,1,https://i.pinimg.com/736x/6b/f2/08/6bf208a9e4df7d4eb60cb68a8e9374af.jpg
https://i.pinimg.com/736x/10/2d/8d/102d8d4aa36aacba7dc564368a89d7b1.jpg,chiffon,plain,pink,120,https://i.pinimg.com/736x/10/2d/8d/102d8d4aa36aacba7dc564368a89d7b1.jpg
https://i.pinimg.com/1200x/50/9f/b8/509fb8e53a31f1518aa379145487bb39.jpg,chiffon,plain,Beige,1,https://i.pinimg.com/1200x/50/9f/b8/509fb8e53a31f1518aa379145487bb39.jpg
https://i.pinimg.com/736x/a0/9d/5b/a09d5baa5700d6dcfc0ed606fe96af47.jpg,crepe,plain,green,22,https://i.pinimg.com/736x/a0/9d/5b/a09d5baa5700d6dcfc0ed606fe96af47.jpg
https://i.pinimg.com/1200x/3e/76/e4/3e76e4bf5c7e89e85eb1715ae6bcec76.jpg,crepe,plain,white,5,https://i.pinimg.com/1200x/3e/76/e4/3e76e4bf5c7e89e85eb1715ae6bcec76.jpg
https://i.pinimg.com/736x/91/e7/bf/91e7bfe1afa6f8ea3215e1fa305fc9f4.jpg,crepe,plain,green,80,https://i.pinimg.com/736x/91/e7/bf/91e7bfe1afa6f8ea3215e1fa305fc9f4.jpg
https://i.pinimg.com/736x/91/e7/bf/91e7bfe1afa6f8ea3215e1fa305fc9f4.jpg,crepe,plain,white,80,https://i.pinimg.com/736x/91/e7/bf/91e7bfe1afa6f8ea3215e1fa305fc9f4.jpg
